{"Mean":{"confidence_interval":{"confidence_level":0.95,"lower_bound":57.98308220291924,"upper_bound":59.52481384284988},"point_estimate":58.66973848474809,"standard_error":0.3966932177364404},"Median":{"confidence_interval":{"confidence_level":0.95,"lower_bound":56.850035038542394,"upper_bound":58.549620632078},"point_estimate":57.29658179553064,"standard_error":0.4518403022552319},"MedianAbsDev":{"confidence_interval":{"confidence_level":0.95,"lower_bound":1.0820147709110268,"upper_bound":3.0331868230118118},"point_estimate":1.7995260467385872,"standard_error":0.512341970482161},"Slope":{"confidence_interval":{"confidence_level":0.95,"lower_bound":57.856090333182514,"upper_bound":59.1019019478229},"point_estimate":58.43282763988518,"standard_error":0.31619308437927396},"StdDev":{"confidence_interval":{"confidence_level":0.95,"lower_bound":2.0283864012152777,"upper_bound":5.927980521935126},"point_estimate":3.9837434088613093,"standard_error":1.094901682383346}}