{"Mean":{"confidence_interval":{"confidence_level":0.95,"lower_bound":-0.05885110891309116,"upper_bound":-0.011809533316719717},"point_estimate":-0.0354696008121842,"standard_error":0.011995579032311965},"Median":{"confidence_interval":{"confidence_level":0.95,"lower_bound":-0.03848772160854075,"upper_bound":0.01296486041430489},"point_estimate":-0.013680302081868878,"standard_error":0.0126723226347313}}