{"Mean":{"confidence_interval":{"confidence_level":0.95,"lower_bound":59.62145720493579,"upper_bound":62.142690718263026},"point_estimate":60.8272570093706,"standard_error":0.6435266578384556},"Median":{"confidence_interval":{"confidence_level":0.95,"lower_bound":57.213455586206564,"upper_bound":59.66398550037908},"point_estimate":58.09128816596595,"standard_error":0.6111096345063451},"MedianAbsDev":{"confidence_interval":{"confidence_level":0.95,"lower_bound":1.6376576039844897,"upper_bound":4.587968570054322},"point_estimate":2.928574513668942,"standard_error":0.7783301220771243},"Slope":{"confidence_interval":{"confidence_level":0.95,"lower_bound":57.8704632240491,"upper_bound":59.04995854262017},"point_estimate":58.4228764598479,"standard_error":0.30225079098302693},"StdDev":{"confidence_interval":{"confidence_level":0.95,"lower_bound":4.94777136101138,"upper_bound":7.658522985493113},"point_estimate":6.443278585349154,"standard_error":0.6892733944847302}}